-- ============================================================
-- seed.sql
-- Development & test seed data for MyStay
-- Run via: supabase db seed  OR  Supabase SQL editor (service role)
-- ============================================================

-- ------------------------------------------------------------
-- HOTELS
-- ------------------------------------------------------------

INSERT INTO hotels (id, name, slug) VALUES
  ('00000000-0000-0000-0000-000000000001', 'Le Grand Hôtel', 'le-grand-hotel'),
  ('00000000-0000-0000-0000-000000000002', 'Seaside Resort',  'seaside-resort');

-- ------------------------------------------------------------
-- AUTH USERS  (requires service role)
-- ------------------------------------------------------------

-- Le Grand Hôtel users
INSERT INTO auth.users (id, email, encrypted_password, email_confirmed_at, raw_app_meta_data, raw_user_meta_data, created_at, updated_at, aud, role)
VALUES
  ('10000000-0000-0000-0000-000000000001', 'admin@legrand.com',  crypt('Admin1234!', gen_salt('bf')), now(), '{"provider":"email","providers":["email"]}', '{}', now(), now(), 'authenticated', 'authenticated'),
  ('10000000-0000-0000-0000-000000000002', 'staff1@legrand.com', crypt('Staff1234!', gen_salt('bf')), now(), '{"provider":"email","providers":["email"]}', '{}', now(), now(), 'authenticated', 'authenticated'),
  ('10000000-0000-0000-0000-000000000003', 'staff2@legrand.com', crypt('Staff1234!', gen_salt('bf')), now(), '{"provider":"email","providers":["email"]}', '{}', now(), now(), 'authenticated', 'authenticated'),
  ('10000000-0000-0000-0000-000000000004', 'guest1@legrand.com', crypt('Guest1234!', gen_salt('bf')), now(), '{"provider":"email","providers":["email"]}', '{}', now(), now(), 'authenticated', 'authenticated'),
  ('10000000-0000-0000-0000-000000000005', 'guest2@legrand.com', crypt('Guest1234!', gen_salt('bf')), now(), '{"provider":"email","providers":["email"]}', '{}', now(), now(), 'authenticated', 'authenticated');

-- Seaside Resort users
INSERT INTO auth.users (id, email, encrypted_password, email_confirmed_at, raw_app_meta_data, raw_user_meta_data, created_at, updated_at, aud, role)
VALUES
  ('20000000-0000-0000-0000-000000000001', 'admin@seaside.com', crypt('Admin1234!', gen_salt('bf')), now(), '{"provider":"email","providers":["email"]}', '{}', now(), now(), 'authenticated', 'authenticated'),
  ('20000000-0000-0000-0000-000000000002', 'guest@seaside.com', crypt('Guest1234!', gen_salt('bf')), now(), '{"provider":"email","providers":["email"]}', '{}', now(), now(), 'authenticated', 'authenticated');

-- ------------------------------------------------------------
-- PROFILES
-- ------------------------------------------------------------

INSERT INTO profiles (id, hotel_id, role, full_name, phone, language) VALUES
  -- Le Grand Hôtel
  ('10000000-0000-0000-0000-000000000001', '00000000-0000-0000-0000-000000000001', 'admin',  'Marie Dupont',    '+33600000001', 'fr'),
  ('10000000-0000-0000-0000-000000000002', '00000000-0000-0000-0000-000000000001', 'staff',  'Jean Martin',     '+33600000002', 'fr'),
  ('10000000-0000-0000-0000-000000000003', '00000000-0000-0000-0000-000000000001', 'staff',  'Sophie Bernard',  '+33600000003', 'fr'),
  ('10000000-0000-0000-0000-000000000004', '00000000-0000-0000-0000-000000000001', 'client', 'Alice Johnson',   '+1202555001',  'en'),
  ('10000000-0000-0000-0000-000000000005', '00000000-0000-0000-0000-000000000001', 'client', 'Bob Williams',    '+1202555002',  'en'),
  -- Seaside Resort
  ('20000000-0000-0000-0000-000000000001', '00000000-0000-0000-0000-000000000002', 'admin',  'Carlos Mendoza',  '+34600000001', 'en'),
  ('20000000-0000-0000-0000-000000000002', '00000000-0000-0000-0000-000000000002', 'client', 'Yuki Tanaka',     '+81900000001', 'en');

-- ------------------------------------------------------------
-- ROOMS
-- ------------------------------------------------------------

INSERT INTO rooms (id, hotel_id, number, type, floor) VALUES
  -- Le Grand Hôtel
  ('30000000-0000-0000-0000-000000000001', '00000000-0000-0000-0000-000000000001', '101', 'single', 1),
  ('30000000-0000-0000-0000-000000000002', '00000000-0000-0000-0000-000000000001', '202', 'double', 2),
  ('30000000-0000-0000-0000-000000000003', '00000000-0000-0000-0000-000000000001', '301', 'suite',  3),
  -- Seaside Resort
  ('30000000-0000-0000-0000-000000000004', '00000000-0000-0000-0000-000000000002', '101', 'single', 1),
  ('30000000-0000-0000-0000-000000000005', '00000000-0000-0000-0000-000000000002', '201', 'double', 2);

-- ------------------------------------------------------------
-- STAYS
-- ------------------------------------------------------------

INSERT INTO stays (id, hotel_id, guest_id, room_id, check_in, check_out, status) VALUES
  -- Le Grand Hôtel
  ('40000000-0000-0000-0000-000000000001', '00000000-0000-0000-0000-000000000001', '10000000-0000-0000-0000-000000000004', '30000000-0000-0000-0000-000000000001', CURRENT_DATE - 2, CURRENT_DATE + 3, 'active'),
  ('40000000-0000-0000-0000-000000000002', '00000000-0000-0000-0000-000000000001', '10000000-0000-0000-0000-000000000005', '30000000-0000-0000-0000-000000000002', CURRENT_DATE - 1, CURRENT_DATE + 5, 'active'),
  -- Seaside Resort
  ('40000000-0000-0000-0000-000000000003', '00000000-0000-0000-0000-000000000002', '20000000-0000-0000-0000-000000000002', '30000000-0000-0000-0000-000000000004', CURRENT_DATE - 1, CURRENT_DATE + 4, 'active');

-- ------------------------------------------------------------
-- MENU CATEGORIES — Le Grand Hôtel
-- ------------------------------------------------------------

INSERT INTO menu_categories (id, hotel_id, name, sort_order) VALUES
  ('50000000-0000-0000-0000-000000000001', '00000000-0000-0000-0000-000000000001', 'Breakfast', 1),
  ('50000000-0000-0000-0000-000000000002', '00000000-0000-0000-0000-000000000001', 'Drinks',    2),
  ('50000000-0000-0000-0000-000000000003', '00000000-0000-0000-0000-000000000001', 'Snacks',    3);

-- ------------------------------------------------------------
-- MENU ITEMS — Le Grand Hôtel
-- ------------------------------------------------------------

INSERT INTO menu_items (id, hotel_id, category_id, name, description, price, is_available, sort_order) VALUES
  -- Breakfast
  ('60000000-0000-0000-0000-000000000001', '00000000-0000-0000-0000-000000000001', '50000000-0000-0000-0000-000000000001', 'Continental Breakfast', 'Croissant, jam, orange juice, coffee',  18.00, true, 1),
  ('60000000-0000-0000-0000-000000000002', '00000000-0000-0000-0000-000000000001', '50000000-0000-0000-0000-000000000001', 'Full English',          'Eggs, bacon, sausage, toast, beans',    22.00, true, 2),
  ('60000000-0000-0000-0000-000000000003', '00000000-0000-0000-0000-000000000001', '50000000-0000-0000-0000-000000000001', 'Açaí Bowl',             'Granola, fresh fruit, honey',           14.00, true, 3),
  -- Drinks
  ('60000000-0000-0000-0000-000000000004', '00000000-0000-0000-0000-000000000001', '50000000-0000-0000-0000-000000000002', 'Fresh Orange Juice',    '250ml freshly squeezed',                 6.00, true, 1),
  ('60000000-0000-0000-0000-000000000005', '00000000-0000-0000-0000-000000000001', '50000000-0000-0000-0000-000000000002', 'Sparkling Water',       'San Pellegrino 500ml',                    4.00, true, 2),
  ('60000000-0000-0000-0000-000000000006', '00000000-0000-0000-0000-000000000001', '50000000-0000-0000-0000-000000000002', 'Espresso',              'Double shot',                             3.50, true, 3),
  -- Snacks
  ('60000000-0000-0000-0000-000000000007', '00000000-0000-0000-0000-000000000001', '50000000-0000-0000-0000-000000000003', 'Mixed Nuts',            '100g premium nut mix',                    7.00, true, 1),
  ('60000000-0000-0000-0000-000000000008', '00000000-0000-0000-0000-000000000001', '50000000-0000-0000-0000-000000000003', 'Cheese Plate',          'Selection of 3 French cheeses',          16.00, true, 2),
  ('60000000-0000-0000-0000-000000000009', '00000000-0000-0000-0000-000000000001', '50000000-0000-0000-0000-000000000003', 'Club Sandwich',         'Chicken, bacon, lettuce, tomato',        12.00, true, 3);

-- ------------------------------------------------------------
-- MENU CATEGORIES & ITEMS — Seaside Resort
-- ------------------------------------------------------------

INSERT INTO menu_categories (id, hotel_id, name, sort_order) VALUES
  ('50000000-0000-0000-0000-000000000004', '00000000-0000-0000-0000-000000000002', 'Beverages', 1),
  ('50000000-0000-0000-0000-000000000005', '00000000-0000-0000-0000-000000000002', 'Bites',     2);

INSERT INTO menu_items (id, hotel_id, category_id, name, description, price, is_available, sort_order) VALUES
  ('60000000-0000-0000-0000-000000000010', '00000000-0000-0000-0000-000000000002', '50000000-0000-0000-0000-000000000004', 'Tropical Smoothie',  'Mango, pineapple, coconut milk',   9.00, true, 1),
  ('60000000-0000-0000-0000-000000000011', '00000000-0000-0000-0000-000000000002', '50000000-0000-0000-0000-000000000004', 'Iced Coffee',        'Cold brew with oat milk',          6.00, true, 2),
  ('60000000-0000-0000-0000-000000000012', '00000000-0000-0000-0000-000000000002', '50000000-0000-0000-0000-000000000005', 'Nachos',             'Tortilla chips, salsa, guacamole', 11.00, true, 1),
  ('60000000-0000-0000-0000-000000000013', '00000000-0000-0000-0000-000000000002', '50000000-0000-0000-0000-000000000005', 'Fruit Platter',      'Seasonal fresh fruit',              8.00, true, 2);

-- ------------------------------------------------------------
-- ORDERS — Le Grand Hôtel (guest1, 2 pending orders)
-- ------------------------------------------------------------

INSERT INTO orders (id, hotel_id, stay_id, guest_id, status, total_amount, notes) VALUES
  ('70000000-0000-0000-0000-000000000001', '00000000-0000-0000-0000-000000000001', '40000000-0000-0000-0000-000000000001', '10000000-0000-0000-0000-000000000004', 'pending', 25.50, 'Please bring extra napkins'),
  ('70000000-0000-0000-0000-000000000002', '00000000-0000-0000-0000-000000000001', '40000000-0000-0000-0000-000000000001', '10000000-0000-0000-0000-000000000004', 'pending', 14.00, NULL);

INSERT INTO order_items (order_id, menu_item_id, quantity, unit_price) VALUES
  -- Order 1: Continental Breakfast + Espresso
  ('70000000-0000-0000-0000-000000000001', '60000000-0000-0000-0000-000000000001', 1, 18.00),
  ('70000000-0000-0000-0000-000000000001', '60000000-0000-0000-0000-000000000006', 2,  3.75),
  -- Order 2: Açaí Bowl
  ('70000000-0000-0000-0000-000000000002', '60000000-0000-0000-0000-000000000003', 1, 14.00);

-- ------------------------------------------------------------
-- ORDERS — Seaside Resort (guest, 1 order)
-- ------------------------------------------------------------

INSERT INTO orders (id, hotel_id, stay_id, guest_id, status, total_amount) VALUES
  ('70000000-0000-0000-0000-000000000003', '00000000-0000-0000-0000-000000000002', '40000000-0000-0000-0000-000000000003', '20000000-0000-0000-0000-000000000002', 'confirmed', 20.00);

INSERT INTO order_items (order_id, menu_item_id, quantity, unit_price) VALUES
  ('70000000-0000-0000-0000-000000000003', '60000000-0000-0000-0000-000000000010', 1,  9.00),
  ('70000000-0000-0000-0000-000000000003', '60000000-0000-0000-0000-000000000012', 1, 11.00);

-- ------------------------------------------------------------
-- SERVICE REQUESTS — Le Grand Hôtel (guest2)
-- ------------------------------------------------------------

INSERT INTO service_requests (hotel_id, stay_id, guest_id, type, description, priority, status) VALUES
  ('00000000-0000-0000-0000-000000000001', '40000000-0000-0000-0000-000000000002', '10000000-0000-0000-0000-000000000005', 'towels', 'Need 2 extra bath towels please', 'normal', 'pending');

-- ------------------------------------------------------------
-- MESSAGES — Le Grand Hôtel (guest1 ↔ staff1, 5 messages)
-- ------------------------------------------------------------

INSERT INTO messages (hotel_id, stay_id, sender_id, content, created_at) VALUES
  ('00000000-0000-0000-0000-000000000001', '40000000-0000-0000-0000-000000000001', '10000000-0000-0000-0000-000000000004', 'Hello, what time does the pool close tonight?',                now() - interval '2 hours'),
  ('00000000-0000-0000-0000-000000000001', '40000000-0000-0000-0000-000000000001', '10000000-0000-0000-0000-000000000002', 'Good evening! The pool closes at 10pm.',                       now() - interval '1 hour 50 minutes'),
  ('00000000-0000-0000-0000-000000000001', '40000000-0000-0000-0000-000000000001', '10000000-0000-0000-0000-000000000004', 'Thank you! Also, can I get a wake-up call at 7am tomorrow?',   now() - interval '1 hour 45 minutes'),
  ('00000000-0000-0000-0000-000000000001', '40000000-0000-0000-0000-000000000001', '10000000-0000-0000-0000-000000000002', 'Of course, I have scheduled a wake-up call for 7:00am.',       now() - interval '1 hour 40 minutes'),
  ('00000000-0000-0000-0000-000000000001', '40000000-0000-0000-0000-000000000001', '10000000-0000-0000-0000-000000000004', 'Perfect, thank you so much!',                                  now() - interval '1 hour 35 minutes');
